# Begin CSV table for pair LD0050|24200
# The Urban Flows Observatory Sheffield @ 2019-11-14 09:46:29.979460
# From: 2019-08-01T00:00:00
# To: 2019-10-31T23:59:59
# site.id: LD0050
# site.longitude: -1.39166221333 [deg]
# site.latitude: 53.4110899138 [deg]
# site.heightAboveSeaLevel: 53.5 [m]
# sensor.id: 24200
# sensor.heightAboveGround: 2.5 [m]
# sensor.distanceToWall: 0.1 [m]
# sensor.family: luftdaten
# sensor.detectors: luftdaten
# ColDescription: name / units / UCD / description / type / minVal / maxVal / Avge / last / no-data-value 
# Column_1 / time / s / TIME_UTC_UNIX / Time in seconds since 1970.0, or UNIX time / utime / 1570028421 / 1570891500 / 1570447119 / 1570891500 / -32768
# Column_2 / sensor /  / ID_MAIN / Sensor identifier / int / 24200 / 24200 / 24200 / 24200 / -32768
# Column_3 / AirTemp / C / MET_TEMP / Air temperature / float / 1.70000016689 / 21.7399997711 / 11.733913898 / 16.6499938965 / -32768
# Column_4 / RelHum / % / MET_RH / Relative humidity / float / 33.8800010681 / 100.0 / 98.7715027215 / 100.0 / -32768
# Column_5 / AtmPress / hPa / MET_AP / Atmospheric pressure / float / 991.62121582 / 1014.55541992 / 1001.01978073 / 998.830688477 / -32768
# Number of points 1464
1570028421,24200,18.84,37.04,1012.333
1570028720,24200,20.31,34.79,1012.4231
1570029018,24200,20.3,33.88,1012.3278
1570029322,24200,20.53,34.1,1012.2109
1570029620,24200,19.75,35.54,1012.2809
1570029917,24200,19.71,35.56,1012.4995
1570030217,24200,20.51,34.72,1012.6186
1570030513,24200,19.82,35.82,1012.4716
1570030813,24200,19.05,36.71,1012.4765
1570031112,24200,16.48,42.11,1012.5231
1570031409,24200,15.49,46.58,1012.6509
1570031709,24200,14.66,49.0,1012.6988
1570032012,24200,14.02,52.57,1012.6864
1570032310,24200,14.06,55.63,1012.6756
1570032608,24200,14.04,55.36,1012.7612
1570032910,24200,14.13,55.24,1012.7198
1570033209,24200,14.73,51.69,1012.7205
1570033508,24200,14.29,54.31,1012.7566
1570033809,24200,14.39,53.87,1012.7068
1570034108,24200,13.8,57.46,1012.5873
1570034413,24200,13.19,61.08,1012.5824
1570034712,24200,12.84,66.84,1012.6489
1570035012,24200,12.72,67.45,1012.8591
1570035310,24200,12.53,70.64,1012.8842
1570035613,24200,12.29,73.22,1012.8356
1570035913,24200,12.16,74.14,1012.9389
1570036213,24200,12.0,77.52,1012.9988
1570036511,24200,11.98,78.53,1012.9883
1570036812,24200,11.86,81.1,1013.0719
1570037111,24200,11.72,82.6,1013.0659
1570037411,24200,11.62,87.89,1013.2323
1570037711,24200,11.48,92.96,1013.3467
1570038020,24200,11.35,92.79,1013.3712
1570038307,24200,11.14,92.25,1013.2586
1570038606,24200,10.88,98.19,1013.3436
1570038904,24200,10.69,100.0,1013.4511
1570039209,24200,10.58,100.0,1013.5301
1570039505,24200,10.38,100.0,1013.3692
1570039809,24200,10.13,100.0,1013.2936
1570040112,24200,9.98,100.0,1013.4266
1570040412,24200,9.77,100.0,1013.3886
1570040712,24200,9.67,100.0,1013.3919
1570041025,24200,9.51,100.0,1013.2486
1570041318,24200,9.32,100.0,1013.4245
1570041617,24200,9.17,100.0,1013.437
1570041917,24200,9.04,100.0,1013.4688
1570042217,24200,8.97,100.0,1013.4148
1570042516,24200,8.79,100.0,1013.5116
1570042827,24200,8.71,100.0,1013.7284
1570043729,24200,8.38,100.0,1014.049
1570044027,24200,8.22,100.0,1014.0525
1570044325,24200,8.11,100.0,1014.1079
1570044624,24200,7.9699993,100.0,1014.0777
1570044925,24200,7.87,100.0,1014.1998
1570045225,24200,7.8,100.0,1014.2316
1570045537,24200,7.7,100.0,1014.3509
1570045836,24200,7.5699997,100.0,1014.4173
1570046134,24200,7.58,100.0,1014.4256
1570046436,24200,7.5599995,100.0,1014.4009
1570046735,24200,7.51,100.0,1014.3798
1570047054,24200,7.37,100.0,1014.5105
1570047346,24200,7.21,100.0,1014.5554
1570056959,24200,5.09,100.0,1014.2968
1570057256,24200,5.17,100.0,1014.2625
1570057553,24200,5.11,100.0,1014.2687
1570057851,24200,4.91,100.0,1014.2902
1570058149,24200,4.75,100.0,1014.3192
1570058446,24200,4.64,100.0,1014.2207
1570058744,24200,4.59,100.0,1014.1461
1570059041,24200,4.56,100.0,1014.0744
1570059339,24200,4.4,100.0,1014.1088
1570059636,24200,4.29,100.0,1014.1486
1570059934,24200,4.11,100.0,1014.1222
1570060240,24200,4.14,100.0,1014.0472
1570060540,24200,4.04,100.0,1014.0673
1570060839,24200,3.94,100.0,1014.1259
1570061140,24200,3.83,100.0,1014.1378
1570061439,24200,3.8199997,100.0,1013.983
1570061737,24200,3.7199998,100.0,1014.0166
1570062034,24200,3.6599998,100.0,1013.9477
1570062331,24200,3.65,100.0,1013.945
1570062637,24200,3.7199998,100.0,1013.9695
1570062938,24200,3.55,100.0,1013.9924
1570063252,24200,3.47,100.0,1013.9984
1570063552,24200,3.39,100.0,1013.9488
1570063850,24200,3.38,100.0,1013.9681
1570064148,24200,3.35,100.0,1013.8301
1570064445,24200,3.32,100.0,1013.7943
1570064744,24200,3.22,100.0,1013.6981
1570065043,24200,3.13,100.0,1013.6595
1570065355,24200,3.11,100.0,1013.5851
1570065653,24200,3.03,100.0,1013.4059
1570065952,24200,3.0,100.0,1013.3891
1570066251,24200,3.05,100.0,1013.3201
1570066857,24200,2.88,100.0,1013.3703
1570067155,24200,2.86,100.0,1013.3097
1570067452,24200,2.82,100.0,1013.2159
1570067750,24200,2.78,100.0,1013.26
1570068050,24200,2.73,100.0,1013.2214
1570068349,24200,2.67,100.0,1013.1498
1570070759,24200,2.26,100.0,1012.6593
1570071055,24200,2.21,100.0,1012.7009
1570071651,24200,2.12,100.0,1012.7256
1570071947,24200,2.07,100.0,1012.6705
1570072244,24200,2.15,100.0,1012.7669
1570072540,24200,2.11,100.0,1012.6677
1570072841,24200,1.9900001,100.0,1012.6208
1570073142,24200,1.92,100.0,1012.6153
1570073439,24200,1.7700001,100.0,1012.8578
1570073744,24200,1.8000001,100.0,1012.8027
1570074039,24200,1.89,100.0,1012.7588
1570074342,24200,1.92,100.0,1012.7808
1570074633,24200,1.89,100.0,1012.7588
1570074930,24200,1.9500002,100.0,1012.7202
1570075523,24200,1.9400002,100.0,1012.7173
1570075819,24200,1.89,100.0,1012.6898
1570076115,24200,1.9,100.0,1012.6843
1570076411,24200,1.82,100.0,1012.6375
1570076709,24200,1.8100001,100.0,1012.6127
1570077005,24200,1.7600001,100.0,1012.4884
1570077303,24200,1.7000002,100.0,1012.4802
1570079701,24200,1.85,100.0,1012.4086
1570086357,24200,2.44,100.0,1011.6459
1570086653,24200,2.62,100.0,1011.6453
1570086950,24200,2.75,100.0,1011.6169
1570087247,24200,2.85,100.0,1011.622
1570087543,24200,3.0,100.0,1011.842
1570087845,24200,3.04,100.0,1011.9636
1570088153,24200,3.28,100.0,1011.8902
1570088457,24200,3.53,100.0,1011.8108
1570088752,24200,3.7599998,100.0,1011.8145
1570089048,24200,4.03,100.0,1011.7817
1570089344,24200,4.23,100.0,1011.7934
1570089937,24200,4.55,100.0,1011.795
1570090233,24200,4.69,100.0,1011.8295
1570090528,24200,4.58,100.0,1011.8168
1570090824,24200,4.82,100.0,1011.8224
1570091120,24200,5.0,100.0,1011.8141
1570091417,24200,5.21,100.0,1011.7838
1570091714,24200,5.49,100.0,1011.6905
1570092011,24200,5.54,100.0,1011.7036
1570092312,24200,5.8,100.0,1011.5964
1570092606,24200,6.05,100.0,1011.5564
1570092907,24200,6.22,100.0,1011.4616
1570093512,24200,6.59,100.0,1011.3734
1570093808,24200,6.51,100.0,1011.3473
1570094105,24200,6.59,100.0,1011.2705
1570094403,24200,6.83,100.0,1011.2601
1570101058,24200,10.52,100.0,1009.5736
1570101355,24200,10.4,100.0,1009.4888
1570101652,24200,10.36,100.0,1009.4456
1570101948,24200,10.08,100.0,1009.3364
1570102243,24200,9.73,100.0,1009.3859
1570102539,24200,9.74,100.0,1009.2627
1570102840,24200,9.75,100.0,1009.1114
1570103133,24200,9.76,100.0,1009.1278
1570103431,24200,9.72,100.0,1009.266
1570103727,24200,9.58,100.0,1009.3717
1570104336,24200,9.58,100.0,1009.2042
1570104632,24200,9.56,100.0,1009.0795
1570104928,24200,9.74,100.0,1008.9416
1570105522,24200,9.87,100.0,1008.5959
1570106115,24200,10.02,100.0,1008.2886
1570106411,24200,9.94,100.0,1008.1658
1570106707,24200,9.96,100.0,1008.2403
1570107008,24200,9.87,100.0,1008.0013
1570107300,24200,9.97,100.0,1007.7678
1570107614,24200,10.02,100.0,1007.8219
1570107946,24200,10.24,100.0,1007.6905
1570110059,24200,10.26,100.0,1006.8231
1570110355,24200,10.32,100.0,1006.7673
1570110651,24200,10.41,100.0,1006.7245
1570110948,24200,10.5,100.0,1006.5778
1570111245,24200,10.65,100.0,1006.5629
1570111542,24200,10.47,100.0,1006.5708
1570116616,24200,11.13,100.0,1005.4352
1570116917,24200,11.11,100.0,1005.4586
1570117216,24200,10.84,100.0,1005.2508
1570117514,24200,10.87,100.0,1004.9698
1570117813,24200,10.84,100.0,1004.9211
1570118113,24200,10.8,100.0,1004.8638
1570118413,24200,10.76,100.0,1004.6787
1570118711,24200,10.62,100.0,1004.8366
1570119009,24200,10.58,100.0,1004.6256
1570119310,24200,10.49,100.0,1004.4093
1570119610,24200,10.42,100.0,1004.4352
1570119910,24200,10.36,100.0,1004.2255
1570120210,24200,10.34,100.0,1004.1173
1570120509,24200,10.38,100.0,1003.9366
1570120809,24200,10.39,100.0,1003.7294
1570121109,24200,10.33,100.0,1003.562
1570121409,24200,10.33,100.0,1003.3803
1570121708,24200,10.28,100.0,1003.2653
1570122008,24200,10.34,100.0,1003.1452
1570122307,24200,10.34,100.0,1002.8657
1570122606,24200,10.2,100.0,1002.7912
1570122908,24200,10.14,100.0,1002.7497
1570123212,24200,10.01,100.0,1002.6944
1570123513,24200,9.95,100.0,1002.6944
1570123811,24200,9.86,100.0,1002.4645
1570124109,24200,9.84,100.0,1002.1806
1570124409,24200,9.77,100.0,1002.1783
1570124708,24200,9.71,100.0,1002.2286
1570125008,24200,9.73,100.0,1002.2669
1570125307,24200,9.7,100.0,1002.003
1570125607,24200,9.73,100.0,1001.9401
1570125906,24200,9.77,100.0,1001.7595
1570126205,24200,9.75,100.0,1001.5259
1570126505,24200,9.74,100.0,1001.5516
1570127144,24200,9.75,100.0,1001.5178
1570127442,24200,9.78,100.0,1001.4827
1570127740,24200,9.82,100.0,1001.5537
1570128350,24200,9.83,100.0,1001.257
1570128650,24200,9.79,100.0,1001.0302
1570128949,24200,9.79,100.0,1000.9406
1570129248,24200,9.68,100.0,1000.8959
1570129546,24200,9.69,100.0,1000.7505
1570129846,24200,9.62,100.0,1000.7288
1570154158,24200,9.87,100.0,993.7564
1570154455,24200,9.91,100.0,993.9325
1570154753,24200,9.91,100.0,993.9045
1570155058,24200,10.02,100.0,993.9623
1570155355,24200,10.13,100.0,993.9638
1570155653,24200,10.25,100.0,993.9621
1570155950,24200,10.36,100.0,993.9436
1570156248,24200,10.41,100.0,993.9546
1570156545,24200,10.46,100.0,993.8873
1570156843,24200,10.51,100.0,993.9059
1570158359,24200,10.37,100.0,993.8759
1570158657,24200,10.34,100.0,993.8277
1570158954,24200,10.4,100.0,993.7984
1570159251,24200,10.34,100.0,993.8136
1570159549,24200,10.23,100.0,993.8741
1570163459,24200,10.54,100.0,993.7227
1570163757,24200,10.73,100.0,993.6992
1570164055,24200,10.78,100.0,993.7597
1570164352,24200,10.86,100.0,993.7409
1570164649,24200,10.93,100.0,993.7637
1570164947,24200,11.12,100.0,993.6839
1570165244,24200,11.14,100.0,993.6602
1570165542,24200,11.25,100.0,993.6975
1570165839,24200,11.2,100.0,993.7566
1570166137,24200,11.23,100.0,993.7773
1570166441,24200,11.23,100.0,993.8052
1570166739,24200,11.2,100.0,993.8406
1570167039,24200,11.24,100.0,993.7514
1570167339,24200,11.3,100.0,993.7698
1570167637,24200,11.28,100.0,993.8436
1570167937,24200,11.25,100.0,993.7954
1570168237,24200,11.32,100.0,993.822
1570168535,24200,11.27,100.0,993.8416
1570169134,24200,11.32,100.0,993.752
1570169432,24200,11.28,100.0,993.8017
1570169730,24200,11.26,100.0,993.7975
1570170027,24200,11.28,100.0,993.8156
1570170327,24200,11.34,100.0,993.7502
1570170625,24200,11.28,100.0,993.8716
1570170924,24200,11.3,100.0,993.8398
1570171221,24200,11.3,100.0,993.9437
1570171520,24200,11.27,100.0,993.9594
1570171820,24200,11.26,100.0,993.9433
1570172121,24200,11.31,100.0,994.0716
1570172430,24200,11.34,100.0,994.016
1570172728,24200,11.41,100.0,993.9387
1570173026,24200,11.43,100.0,994.0271
1570173629,24200,11.42,100.0,993.8852
1570173926,24200,11.4,100.0,993.9645
1570174527,24200,11.4,100.0,993.9306
1570174826,24200,11.44,100.0,994.0712
1570175124,24200,11.48,100.0,994.0795
1570175423,24200,11.52,100.0,994.0259
1570175725,24200,11.59,100.0,994.0185
1570176334,24200,11.73,100.0,994.118
1570176634,24200,11.83,100.0,994.1394
1570176932,24200,11.92,100.0,994.2259
1570177229,24200,11.95,100.0,994.3863
1570177527,24200,11.85,100.0,994.4375
1570177825,24200,11.86,100.0,994.4536
1570178125,24200,11.99,100.0,994.5066
1570178428,24200,12.03,100.0,994.5652
1570178722,24200,12.14,100.0,994.58
1570179025,24200,12.3,100.0,994.6194
1570179344,24200,12.36,100.0,994.7098
1570179629,24200,12.65,100.0,994.6559
1570179927,24200,12.7,100.0,994.6102
1570180531,24200,13.23,100.0,994.7877
1570180828,24200,13.17,100.0,994.7409
1570181126,24200,13.25,100.0,994.7497
1570181723,24200,13.49,100.0,994.8127
1570182021,24200,13.75,100.0,994.7793
1570182319,24200,13.66,100.0,994.8955
1570182626,24200,13.56,100.0,994.9252
1570182924,24200,13.82,100.0,994.8358
1570183242,24200,14.2,100.0,994.8561
1570183539,24200,14.06,100.0,994.8
1570183837,24200,14.18,100.0,994.8381
1570184135,24200,14.34,100.0,994.8483
1570184433,24200,14.54,100.0,994.9027
1570184732,24200,14.91,100.0,994.9404
1570185039,24200,14.69,100.0,994.8545
1570185338,24200,14.53,100.0,994.8023
1570185638,24200,14.91,100.0,994.8702
1570185944,24200,15.21,100.0,994.8791
1570186244,24200,15.29,100.0,994.9012
1570186542,24200,15.57,100.0,994.9683
1570186851,24200,15.37,100.0,994.9229
1570187151,24200,15.33,100.0,994.9653
1570189258,24200,17.02,100.0,995.212
1570190159,24200,16.34,100.0,995.3223
1570190456,24200,16.1,100.0,995.3259
1570190754,24200,16.32,100.0,995.3748
1570191051,24200,16.49,100.0,995.4421
1570191354,24200,16.6,100.0,995.4068
1570191652,24200,16.78,100.0,995.4823
1570191950,24200,16.42,100.0,995.5415
1570192247,24200,16.25,100.0,995.5728
1570192545,24200,16.13,100.0,995.6559
1570192843,24200,16.11,100.0,995.6944
1570193140,24200,15.43,100.0,995.7033
1570193440,24200,15.21,100.0,995.9971
1570193739,24200,15.05,100.0,995.9453
1570194036,24200,14.99,100.0,996.1642
1570194335,24200,15.04,100.0,996.273
1570194633,24200,15.29,100.0,996.4416
1570194936,24200,15.31,100.0,996.3973
1570195236,24200,15.35,100.0,996.4816
1570195534,24200,15.58,100.0,996.5556
1570195833,24200,15.58,100.0,996.626
1570196133,24200,15.65,100.0,996.6183
1570196451,24200,15.52,100.0,996.6423
1570196751,24200,16.26,100.0,996.6523
1570197050,24200,19.9,100.0,996.6328
1570197348,24200,21.74,89.44,996.523
1570197659,24200,20.09,100.0,996.6594
1570197959,24200,18.65,100.0,996.646
1570198257,24200,17.06,100.0,996.7925
1570198555,24200,16.26,100.0,996.8638
1570198858,24200,15.98,100.0,996.8527
1570199151,24200,16.41,100.0,996.8447
1570199452,24200,19.01,100.0,996.9598
1570199752,24200,17.26,100.0,996.9866
1570200051,24200,16.28,100.0,997.0228
1570200347,24200,15.58,100.0,997.2175
1570200645,24200,15.33,100.0,997.4148
1570200943,24200,15.08,100.0,997.4349
1570201246,24200,15.07,100.0,997.433
1570201546,24200,14.98,100.0,997.4567
1570201843,24200,14.78,100.0,997.3759
1570202142,24200,14.76,100.0,997.4141
1570202439,24200,14.72,100.0,997.6372
1570202738,24200,14.51,100.0,997.8634
1570203040,24200,14.35,100.0,997.9487
1570203338,24200,14.43,100.0,997.7769
1570203644,24200,14.75,100.0,997.812
1570203937,24200,14.83,100.0,998.0334
1570204535,24200,14.45,100.0,998.2931
1570204855,24200,14.3,100.0,998.3481
1570205143,24200,14.23,100.0,998.4744
1570205440,24200,14.21,100.0,998.743
1570205738,24200,14.06,100.0,998.9027
1570206036,24200,14.06,100.0,998.987
1570206958,24200,14.04,100.0,999.4947
1570207258,24200,14.02,100.0,999.5889
1570207558,24200,13.99,100.0,999.5283
1570207856,24200,14.04,100.0,999.5871
1570221659,24200,11.4,100.0,1003.7734
1570221956,24200,11.35,100.0,1003.9161
1570222253,24200,11.29,100.0,1003.9527
1570222550,24200,11.32,100.0,1003.9793
1570222850,24200,11.3,100.0,1004.0727
1570223150,24200,11.3,100.0,1004.1007
1570223448,24200,11.27,100.0,1004.1242
1570223746,24200,11.27,100.0,1004.2361
1570224043,24200,11.31,100.0,1004.2289
1570224340,24200,11.22,100.0,1004.3286
1570224638,24200,11.15,100.0,1004.2927
1570224937,24200,11.1,100.0,1004.469
1570225242,24200,11.02,100.0,1004.3891
1570225535,24200,11.01,100.0,1004.4284
1570225832,24200,10.97,100.0,1004.5032
1570226129,24200,10.9,100.0,1004.4173
1570226430,24200,10.83,100.0,1004.4516
1570226745,24200,10.8,100.0,1004.2964
1570227042,24200,10.71,100.0,1004.3178
1570227340,24200,10.68,100.0,1004.311
1570227638,24200,10.56,100.0,1004.4394
1570227942,24200,10.5,100.0,1004.6072
1570228249,24200,10.42,100.0,1004.6727
1570228546,24200,10.36,100.0,1004.7005
1570228844,24200,10.3,100.0,1004.6309
1570229141,24200,10.18,100.0,1004.6305
1570229440,24200,10.02,100.0,1004.6936
1570229739,24200,9.88,100.0,1004.6387
1570230340,24200,9.62,100.0,1004.9352
1570230637,24200,9.48,100.0,1005.0836
1570230935,24200,9.46,100.0,1005.1149
1570231232,24200,9.36,100.0,1005.1691
1570231529,24200,9.31,100.0,1005.4223
1570231846,24200,9.3,100.0,1005.5595
1570232145,24200,9.42,100.0,1005.7055
1570242358,24200,7.15,100.0,1006.5644
1570242655,24200,7.1,100.0,1006.4548
1570242953,24200,7.1,100.0,1006.3436
1570243253,24200,7.07,100.0,1006.3363
1570243553,24200,7.16,100.0,1006.2471
1570274159,24200,14.12,100.0,1008.5566
1570274457,24200,13.91,100.0,1008.3491
1570274754,24200,13.97,100.0,1008.5509
1570275053,24200,14.5,100.0,1008.4284
1570275353,24200,14.45,100.0,1008.3189
1570275652,24200,14.61,100.0,1008.2497
1570275950,24200,15.01,100.0,1008.3135
1570276247,24200,15.05,100.0,1008.2803
1570276544,24200,14.96,100.0,1008.2263
1570276842,24200,15.17,100.0,1008.1516
1570277140,24200,15.11,100.0,1008.0259
1570277442,24200,15.72,100.0,1007.9597
1570278037,24200,17.02,100.0,1007.9177
1570278336,24200,17.12,100.0,1007.8459
1570278635,24200,16.34,100.0,1007.8654
1570278931,24200,15.57,100.0,1007.8645
1570279230,24200,15.05,100.0,1007.8017
1570279527,24200,15.09,100.0,1007.6697
1570279826,24200,14.74,100.0,1007.6432
1570280123,24200,14.85,100.0,1007.746
1570280432,24200,15.08,100.0,1007.6956
1570280724,24200,14.76,100.0,1007.6195
1570281021,24200,15.47,100.0,1007.7242
1570281320,24200,15.41,100.0,1007.6547
1570281618,24200,15.09,100.0,1007.6415
1570281916,24200,14.82,100.0,1007.6328
1570282216,24200,14.73,100.0,1007.6633
1570282515,24200,14.85,100.0,1007.6897
1570282815,24200,15.03,100.0,1007.6084
1570283114,24200,15.04,100.0,1007.518
1570283414,24200,14.78,100.0,1007.435
1570283716,24200,15.17,100.0,1007.518
1570284012,24200,15.25,100.0,1007.3808
1570284310,24200,15.37,100.0,1007.2858
1570284610,24200,15.31,100.0,1007.3938
1570284908,24200,15.42,100.0,1007.2628
1570285206,24200,15.15,100.0,1007.1899
1570285506,24200,15.33,100.0,1007.1023
1570285807,24200,14.76,100.0,1007.0507
1570286110,24200,14.61,100.0,1007.0459
1570286410,24200,14.63,100.0,1006.938
1570286710,24200,14.62,100.0,1006.8655
1570287010,24200,14.76,100.0,1006.8959
1570287309,24200,14.75,100.0,1006.9923
1570287612,24200,14.75,100.0,1006.95
1570287912,24200,14.63,100.0,1006.9662
1570288210,24200,14.52,100.0,1006.9137
1570288511,24200,14.43,100.0,1006.9923
1570288811,24200,14.29,100.0,1007.048
1570289109,24200,14.36,100.0,1007.0411
1570289411,24200,14.28,100.0,1007.0377
1570289709,24200,14.34,100.0,1007.0005
1570290008,24200,14.38,100.0,1006.8908
1570290306,24200,14.26,100.0,1006.8867
1570290607,24200,14.17,100.0,1006.8808
1570290907,24200,14.03,100.0,1006.9625
1570291213,24200,13.99,100.0,1006.9955
1570291513,24200,13.96,100.0,1007.0533
1570291813,24200,13.89,100.0,1006.9314
1570292113,24200,13.9,100.0,1007.1103
1570292415,24200,13.86,100.0,1007.1355
1570292713,24200,13.77,100.0,1007.298
1570293017,24200,13.78,100.0,1007.3703
1570293315,24200,13.68,100.0,1007.3223
1570293615,24200,13.67,100.0,1007.292
1570293912,24200,13.55,100.0,1007.2851
1570294212,24200,13.5,100.0,1007.3442
1570294511,24200,13.46,100.0,1007.2311
1570295122,24200,13.48,100.0,1007.2495
1570295420,24200,13.43,100.0,1007.2666
1570295718,24200,13.42,100.0,1007.2502
1570296027,24200,13.42,100.0,1007.2562
1570296325,24200,13.32,100.0,1007.368
1570296623,24200,13.32,100.0,1007.2358
1570296924,24200,13.33,100.0,1007.3001
1570297222,24200,13.25,100.0,1007.2623
1570297522,24200,13.28,100.0,1007.1626
1570297820,24200,13.23,100.0,1007.0613
1570298119,24200,13.15,100.0,1007.0288
1570298418,24200,13.09,100.0,1007.0014
1570298717,24200,13.08,100.0,1006.9511
1570299015,24200,13.09,100.0,1007.0376
1570299314,24200,13.08,100.0,1006.9149
1570299614,24200,12.95,100.0,1006.8656
1570299912,24200,12.94,100.0,1006.8272
1570300212,24200,12.89,100.0,1006.816
1570300510,24200,12.9,100.0,1006.7281
1570300811,24200,12.81,100.0,1006.6516
1570301110,24200,12.84,100.0,1006.5663
1570301408,24200,12.77,100.0,1006.4744
1570301708,24200,12.75,100.0,1006.3717
1570302008,24200,12.7,100.0,1006.3967
1570302307,24200,12.62,100.0,1006.4068
1570302607,24200,12.61,100.0,1006.4463
1570302908,24200,12.56,100.0,1006.3288
1570303207,24200,12.55,100.0,1006.2985
1570303508,24200,12.52,100.0,1006.3841
1570303808,24200,12.51,100.0,1006.4519
1570304107,24200,12.47,100.0,1006.437
1570304405,24200,12.46,100.0,1006.3986
1570304710,24200,12.46,100.0,1006.3566
1570305007,24200,12.43,100.0,1006.4339
1570305307,24200,12.39,100.0,1006.3346
1570305607,24200,12.36,100.0,1006.3839
1570305907,24200,12.39,100.0,1006.2925
1570306210,24200,12.38,100.0,1006.3604
1570306510,24200,12.3,100.0,1006.3844
1570306809,24200,12.37,100.0,1006.4142
1570307107,24200,12.35,100.0,1006.3455
1570307406,24200,12.4,100.0,1006.4128
1570307706,24200,12.34,100.0,1006.3514
1570308009,24200,12.32,100.0,1006.3748
1570308313,24200,12.22,100.0,1006.3664
1570308613,24200,12.06,100.0,1006.3019
1570308912,24200,11.88,100.0,1006.3331
1570309211,24200,11.78,100.0,1006.3156
1570309509,24200,11.65,100.0,1006.4062
1570309807,24200,11.61,100.0,1006.2708
1570310109,24200,11.57,100.0,1006.1438
1570310409,24200,11.42,100.0,1006.0676
1570310707,24200,11.35,100.0,1006.1271
1570311005,24200,11.28,100.0,1006.0714
1570311306,24200,11.18,100.0,1006.0063
1570311605,24200,11.14,100.0,1006.081
1570311912,24200,11.06,100.0,1006.0965
1570312211,24200,10.93,100.0,1006.1164
1570312509,24200,10.88,100.0,1006.0431
1570313133,24200,10.75,100.0,1005.9488
1570313430,24200,10.65,100.0,1005.9338
1570313727,24200,10.54,100.0,1005.7625
1570314024,24200,10.44,100.0,1005.6275
1570314322,24200,10.48,100.0,1005.6007
1570314619,24200,10.42,100.0,1005.4891
1570314917,24200,10.42,100.0,1005.3295
1570315216,24200,10.37,100.0,1005.0522
1570315516,24200,10.36,100.0,1005.0219
1570316117,24200,10.32,100.0,1005.2222
1570316426,24200,10.26,100.0,1005.2165
1570316724,24200,10.17,100.0,1005.2567
1570317022,24200,10.18,100.0,1005.2253
1570317319,24200,10.08,100.0,1005.1102
1570317616,24200,10.08,100.0,1004.9287
1570317914,24200,10.15,100.0,1004.6655
1570318214,24200,10.1,100.0,1004.626
1570318512,24200,10.06,100.0,1004.4236
1570318809,24200,9.98,100.0,1004.4188
1570319109,24200,9.98,100.0,1004.335
1570319408,24200,9.91,100.0,1004.1792
1570319706,24200,9.9,100.0,1004.0233
1570320012,24200,9.87,100.0,1003.9105
1570320306,24200,9.88,100.0,1003.907
1570320608,24200,9.86,100.0,1003.9023
1570320906,24200,9.84,100.0,1003.8419
1570321204,24200,9.81,100.0,1003.6256
1570321505,24200,9.84,100.0,1003.5348
1570322417,24200,9.87,100.0,1003.2764
1570344658,24200,12.28,100.0,999.2669
1570344955,24200,12.33,100.0,999.2436
1570345253,24200,12.35,100.0,999.1078
1570345550,24200,12.36,100.0,999.242
1570345850,24200,12.47,100.0,999.1477
1570346147,24200,12.47,100.0,999.1338
1570346445,24200,12.55,100.0,999.1847
1570346742,24200,12.57,100.0,999.1529
1570347039,24200,12.51,100.0,999.3923
1570347337,24200,12.61,100.0,999.534
1570347636,24200,12.58,100.0,999.4494
1570347934,24200,12.58,100.0,999.3594
1570348233,24200,12.76,100.0,999.4821
1570348531,24200,12.83,100.0,999.6575
1570348829,24200,12.94,100.0,999.785
1570349127,24200,13.02,100.0,999.6841
1570349424,24200,13.23,100.0,999.5948
1570349722,24200,13.4,100.0,999.5805
1570350019,24200,13.44,100.0,999.6794
1570350317,24200,13.45,100.0,999.844
1570350617,24200,13.41,100.0,999.7931
1570350914,24200,13.49,100.0,999.8384
1570351213,24200,13.49,100.0,999.9647
1570351511,24200,13.47,100.0,999.9745
1570351810,24200,13.45,100.0,999.9563
1570352110,24200,13.4,100.0,999.8552
1570352424,24200,13.43,100.0,999.8959
1570352728,24200,13.41,100.0,999.9756
1570353020,24200,13.31,100.0,1000.0188
1570353317,24200,13.29,100.0,1000.0566
1570353615,24200,13.42,100.0,1000.2227
1570353914,24200,13.47,100.0,1000.1711
1570354214,24200,13.48,100.0,1000.2914
1570354513,24200,13.7,100.0,1000.3522
1570354812,24200,13.69,100.0,1000.2598
1570355111,24200,13.91,100.0,1000.2481
1570355409,24200,14.14,100.0,1000.3667
1570355709,24200,14.3,100.0,1000.3783
1570356010,24200,14.4,100.0,1000.3991
1570356308,24200,14.37,100.0,1000.407
1570356605,24200,14.53,100.0,1000.4327
1570356907,24200,14.44,100.0,1000.5547
1570357206,24200,14.54,100.0,1000.5614
1570357504,24200,14.89,100.0,1000.6063
1570357804,24200,14.99,100.0,1000.6189
1570358104,24200,14.98,100.0,1000.5102
1570358407,24200,15.19,100.0,1000.5959
1570358701,24200,16.22,100.0,1000.6002
1570370457,24200,20.38,79.07,1002.67
1570370754,24200,20.13,76.95,1002.6305
1570371051,24200,18.0,100.0,1002.6891
1570371348,24200,16.82,100.0,1002.9269
1570371645,24200,16.4,100.0,1003.0058
1570371942,24200,16.29,100.0,1003.0114
1570372239,24200,16.32,100.0,1003.1305
1570372537,24200,16.44,100.0,1003.0767
1570372833,24200,16.57,100.0,1003.2222
1570373130,24200,16.42,100.0,1003.25
1570373428,24200,16.29,100.0,1003.2935
1570373725,24200,16.59,100.0,1003.4177
1570374021,24200,18.96,99.59,1003.4639
1570374319,24200,18.57,98.06,1003.613
1570374617,24200,18.29,97.26,1003.6503
1570374934,24200,19.33,88.47,1003.6338
1570375216,24200,19.15,88.71,1003.898
1570375513,24200,19.9,86.88,1004.0978
1570375810,24200,19.14,95.16,1004.2218
1570376108,24200,16.96,100.0,1004.2543
1570376406,24200,16.19,100.0,1004.4348
1570376705,24200,16.22,100.0,1004.4072
1570377004,24200,15.96,100.0,1004.4452
1570377303,24200,15.67,100.0,1004.6883
1570377600,24200,15.49,100.0,1004.7988
1570384800,24200,13.28,100.0,1006.4689
1570398058,24200,12.24,100.0,1009.5242
1570398356,24200,12.21,100.0,1009.5509
1570398655,24200,12.16,100.0,1009.5895
1570398952,24200,12.19,100.0,1009.7366
1570399256,24200,12.19,100.0,1009.8428
1570400459,24200,12.04,100.0,1009.4917
1570400756,24200,12.04,100.0,1009.3236
1570401054,24200,11.96,100.0,1009.2848
1570401351,24200,11.97,100.0,1009.3772
1570401649,24200,11.92,100.0,1009.4636
1570401946,24200,11.9,100.0,1009.4811
1570402541,24200,11.92,100.0,1009.6877
1570402839,24200,11.83,100.0,1009.9913
1570403137,24200,11.79,100.0,1009.9875
1570403434,24200,11.76,100.0,1009.9463
1570403741,24200,11.77,100.0,1009.9066
1570404038,24200,11.71,100.0,1009.9907
1570404337,24200,11.72,100.0,1010.1051
1570404636,24200,11.73,100.0,1010.1552
1570404934,24200,11.73,100.0,1010.1634
1570405233,24200,11.73,100.0,1010.3175
1570405532,24200,11.71,100.0,1010.2148
1570405829,24200,11.73,100.0,1010.0934
1570406127,24200,11.76,100.0,1010.0502
1570406427,24200,11.7,100.0,1010.0164
1570406727,24200,11.67,100.0,1009.7631
1570407024,24200,11.69,100.0,1009.6499
1570407322,24200,11.62,100.0,1009.8016
1570407620,24200,11.65,100.0,1009.6686
1570407918,24200,11.62,100.0,1009.4656
1570408522,24200,11.49,100.0,1009.2331
1570408819,24200,11.38,100.0,1009.5011
1570409117,24200,11.28,100.0,1009.6037
1570409414,24200,11.1,100.0,1009.687
1570409712,24200,11.04,100.0,1009.7091
1570410009,24200,10.96,100.0,1009.6141
1570410307,24200,10.96,100.0,1009.6141
1570410604,24200,10.9,100.0,1009.4602
1570410904,24200,10.88,100.0,1009.5311
1570411203,24200,10.83,100.0,1009.6731
1570411500,24200,10.78,100.0,1009.865
1570419302,24200,9.99,100.0,1008.7363
1570419606,24200,9.87,100.0,1008.7356
1570419907,24200,9.85,100.0,1008.8145
1570420231,24200,9.78,100.0,1008.7697
1570420547,24200,9.74,100.0,1008.8241
1570422302,24200,10.05,100.0,1008.9521
1570422600,24200,10.06,100.0,1009.1442
1570423514,24200,10.22,100.0,1009.2027
1570423811,24200,10.18,100.0,1009.0308
1570424109,24200,10.24,100.0,1008.7243
1570424407,24200,10.22,100.0,1008.7277
1570424706,24200,10.14,100.0,1008.658
1570425004,24200,10.13,100.0,1008.5299
1570425303,24200,10.12,100.0,1008.4298
1570425600,24200,10.06,100.0,1008.4738
1570426826,24200,10.17,100.0,1008.6873
1570427124,24200,10.27,100.0,1008.6196
1570427422,24200,10.26,100.0,1008.6673
1570427720,24200,10.27,100.0,1008.5219
1570428017,24200,10.26,100.0,1008.4916
1570428337,24200,10.21,100.0,1008.5352
1570428636,24200,10.16,100.0,1008.6151
1570428934,24200,10.17,100.0,1008.6175
1570429231,24200,10.06,100.0,1008.5297
1570429536,24200,10.03,100.0,1008.6064
1570429835,24200,10.02,100.0,1008.5481
1570430134,24200,9.98,100.0,1008.5941
1570430432,24200,9.97,100.0,1008.5138
1570430729,24200,9.99,100.0,1008.5128
1570431027,24200,9.94,100.0,1008.5148
1570431325,24200,9.88,100.0,1008.5703
1570431623,24200,9.94,100.0,1008.5486
1570431921,24200,9.92,100.0,1008.4961
1570432219,24200,9.86,100.0,1008.3562
1570432519,24200,9.76,100.0,1008.1925
1570432819,24200,9.8,100.0,1008.0961
1570433118,24200,9.69,100.0,1007.771
1570433416,24200,9.67,100.0,1007.7884
1570433715,24200,9.67,100.0,1007.7802
1570434641,24200,9.64,100.0,1007.6754
1570434941,24200,9.62,100.0,1007.7405
1570435246,24200,9.7,100.0,1007.6756
1570435543,24200,9.72,100.0,1007.5129
1570435841,24200,9.79,100.0,1007.5016
1570436138,24200,9.92,100.0,1007.3988
1570436436,24200,9.96,100.0,1007.4083
1570436733,24200,9.97,100.0,1007.1813
1570437031,24200,10.04,100.0,1007.0305
1570437328,24200,10.05,100.0,1006.7256
1570437626,24200,10.19,100.0,1006.6863
1570437924,24200,10.11,100.0,1006.5558
1570438224,24200,10.15,100.0,1006.635
1570438521,24200,10.22,100.0,1006.7358
1570438821,24200,10.29,100.0,1006.5927
1570439120,24200,10.28,100.0,1006.4145
1570439426,24200,10.24,100.0,1006.2655
1570439726,24200,10.32,100.0,1006.34
1570440025,24200,10.37,100.0,1006.4075
1570440322,24200,10.41,100.0,1006.5205
1570440620,24200,10.43,100.0,1006.6034
1570440918,24200,10.46,100.0,1006.5405
1570441216,24200,10.49,100.0,1006.4497
1570441514,24200,10.65,100.0,1006.5152
1570441819,24200,10.77,100.0,1006.4089
1570442112,24200,10.86,100.0,1006.1842
1570442411,24200,10.93,100.0,1006.0744
1570442709,24200,10.94,100.0,1005.8669
1570443009,24200,10.9,100.0,1005.69
1570443318,24200,10.95,100.0,1005.6397
1570443613,24200,11.02,100.0,1005.5919
1570443912,24200,11.08,100.0,1005.5217
1570444212,24200,11.2,100.0,1005.2332
1570444513,24200,11.32,100.0,1005.0988
1570444812,24200,11.44,100.0,1005.0143
1570445111,24200,11.47,100.0,1004.8612
1570445419,24200,11.49,100.0,1004.9277
1570445710,24200,11.49,100.0,1004.9137
1570446009,24200,11.52,100.0,1004.6125
1570446308,24200,11.6,100.0,1004.5325
1570446631,24200,11.61,100.0,1004.4928
1570446936,24200,11.58,100.0,1004.668
1570447234,24200,11.61,100.0,1004.6048
1570447533,24200,11.61,100.0,1004.4788
1570447832,24200,11.68,100.0,1004.5288
1570448130,24200,11.72,100.0,1004.5178
1570448428,24200,11.74,100.0,1004.2902
1570448726,24200,11.8,100.0,1004.34
1570449025,24200,11.83,100.0,1004.193
1570449326,24200,11.88,100.0,1004.1961
1570449635,24200,11.94,100.0,1004.0753
1570449933,24200,12.0,100.0,1003.9567
1570450243,24200,12.08,100.0,1003.7986
1570450544,24200,12.21,100.0,1003.7073
1570450843,24200,12.14,100.0,1003.7139
1570451141,24200,12.19,100.0,1003.5568
1570451445,24200,12.26,100.0,1003.4184
1570451742,24200,12.31,100.0,1003.3092
1570452052,24200,12.42,100.0,1003.2357
1570452352,24200,12.59,100.0,1003.1808
1570452649,24200,12.55,100.0,1003.068
1570452948,24200,12.57,100.0,1002.8259
1570453245,24200,12.58,100.0,1002.9963
1570453549,24200,12.58,100.0,1002.8281
1570453850,24200,12.58,100.0,1002.9623
1570454151,24200,12.48,100.0,1002.8925
1570454451,24200,12.31,100.0,1002.981
1570454748,24200,12.19,100.0,1002.6041
1570455045,24200,12.04,100.0,1002.2348
1570455342,24200,11.85,100.0,1002.3349
1570455640,24200,11.82,100.0,1002.6923
1570455942,24200,11.69,100.0,1002.3048
1570456242,24200,11.72,100.0,1002.1995
1570456543,24200,11.78,100.0,1002.0531
1570456841,24200,11.81,100.0,1002.018
1570457139,24200,11.83,100.0,1002.0223
1570457437,24200,11.9,100.0,1001.9177
1570457735,24200,11.92,100.0,1002.0541
1570458032,24200,11.92,100.0,1001.8159
1570458329,24200,11.98,100.0,1001.675
1570458628,24200,11.99,100.0,1001.5173
1570458929,24200,12.11,100.0,1001.88
1570459227,24200,12.19,100.0,1001.5531
1570459527,24200,12.24,100.0,1001.5422
1570459825,24200,12.28,100.0,1001.4248
1570460126,24200,12.35,100.0,1001.3361
1570460427,24200,12.34,100.0,1001.2498
1570460724,24200,12.33,100.0,1001.3377
1570461338,24200,12.2,100.0,1001.2331
1570461636,24200,12.21,100.0,1001.5014
1570461934,24200,12.19,100.0,1001.2169
1570462232,24200,12.11,100.0,1001.2415
1570462530,24200,12.32,100.0,1001.2875
1570462827,24200,12.48,100.0,1001.2104
1570463125,24200,12.47,100.0,1001.2141
1570463423,24200,12.46,100.0,1001.0297
1570463721,24200,12.39,100.0,1001.0644
1570464020,24200,12.39,100.0,1000.8682
1570464318,24200,12.37,100.0,1000.8359
1570464616,24200,12.4,100.0,1000.652
1570464914,24200,12.48,100.0,1000.6637
1570465214,24200,12.54,100.0,1000.7025
1570465512,24200,12.53,100.0,1000.5602
1570465812,24200,12.56,100.0,1000.6308
1570466112,24200,12.57,100.0,1000.5547
1570466409,24200,12.57,100.0,1000.5828
1570466708,24200,12.6,100.0,1000.435
1570467007,24200,12.67,100.0,1000.3102
1570467304,24200,12.7,100.0,1000.2044
1570467605,24200,12.69,100.0,1000.02
1570467905,24200,12.71,100.0,1000.2906
1570468207,24200,12.68,100.0,1000.0459
1570468507,24200,12.71,100.0,999.8841
1570468806,24200,12.74,100.0,999.8284
1570469108,24200,12.8,100.0,1000.0095
1570469411,24200,12.76,100.0,999.8806
1570470038,24200,12.76,100.0,1000.0009
1570470339,24200,12.95,100.0,999.9495
1570470637,24200,13.04,100.0,999.9128
1570470935,24200,13.09,100.0,999.727
1570471234,24200,13.19,100.0,999.8586
1570471534,24200,13.17,100.0,999.8902
1570471834,24200,13.26,100.0,999.8678
1570472132,24200,13.3,100.0,999.6577
1570472429,24200,13.29,100.0,999.9081
1570472729,24200,13.38,100.0,999.8009
1570473031,24200,13.38,100.0,999.7447
1570473329,24200,13.39,100.0,999.8391
1570473938,24200,13.42,100.0,999.8436
1570474237,24200,13.4,100.0,999.9875
1570474536,24200,13.34,100.0,1000.025
1570474835,24200,13.39,100.0,999.9995
1570475132,24200,13.4,100.0,999.9734
1570475431,24200,13.38,100.0,1000.0255
1570475730,24200,13.35,100.0,999.9489
1570476028,24200,13.33,100.0,999.8686
1570476336,24200,13.36,100.0,999.7906
1570476635,24200,13.39,100.0,999.7748
1570476933,24200,13.24,100.0,999.9197
1570477232,24200,13.28,100.0,999.7797
1570477529,24200,13.36,100.0,999.5159
1570477827,24200,13.37,100.0,999.5742
1570478125,24200,13.35,100.0,999.6682
1570478439,24200,13.31,100.0,999.6678
1570478741,24200,13.23,100.0,999.6991
1570479040,24200,13.24,100.0,999.6671
1570479338,24200,13.2,100.0,999.6643
1570479637,24200,13.15,100.0,999.4931
1570479934,24200,13.05,100.0,999.458
1570480232,24200,12.94,100.0,999.4144
1570480531,24200,12.88,100.0,999.4216
1570480828,24200,12.84,100.0,999.3931
1570481126,24200,12.81,100.0,999.4847
1570481423,24200,12.78,100.0,999.2959
1570481722,24200,12.71,100.0,999.2752
1570482028,24200,12.71,100.0,999.1548
1570482326,24200,12.6,100.0,999.0752
1570482623,24200,12.6,100.0,999.0611
1570482921,24200,12.52,100.0,999.1142
1570483219,24200,12.38,100.0,999.1843
1570483519,24200,12.19,100.0,999.1433
1570483817,24200,12.1,100.0,999.2781
1570484117,24200,12.09,100.0,999.318
1570484416,24200,12.11,100.0,999.0561
1570484714,24200,12.12,100.0,999.1003
1570485014,24200,12.14,100.0,999.0486
1570485311,24200,12.04,100.0,999.0632
1570485618,24200,11.99,100.0,999.0381
1570485910,24200,11.88,100.0,998.9385
1570486230,24200,11.73,100.0,998.9116
1570486542,24200,11.68,100.0,999.0348
1570486840,24200,11.52,100.0,998.958
1570487140,24200,11.41,100.0,998.8637
1570487438,24200,11.48,100.0,998.8314
1570487736,24200,11.45,100.0,998.7689
1570488033,24200,11.49,100.0,998.7275
1570488657,24200,11.34,100.0,998.6608
1570488955,24200,11.28,100.0,998.572
1570503605,24200,9.29,100.0,997.6071
1570503907,24200,9.39,100.0,997.6073
1570504207,24200,9.34,100.0,997.5764
1570504506,24200,9.27,100.0,997.5806
1570504806,24200,9.13,100.0,997.4596
1570505120,24200,9.05,100.0,997.4777
1570505440,24200,9.05,100.0,997.4139
1570506049,24200,9.47,100.0,997.3744
1570506346,24200,9.7,100.0,997.2919
1570522259,24200,11.58,100.0,995.6819
1570522557,24200,11.79,100.0,995.6707
1570522855,24200,11.93,100.0,995.4603
1570523451,24200,12.21,100.0,995.477
1570523748,24200,12.41,100.0,995.3931
1570524045,24200,12.52,100.0,995.3158
1570524343,24200,12.72,100.0,995.3794
1570524641,24200,12.98,100.0,995.333
1570524938,24200,13.25,100.0,995.2067
1570525235,24200,13.23,100.0,995.2087
1570543539,24200,20.18,45.49,993.1578
1570547706,24200,19.04,55.98,992.9506
1570548011,24200,17.94,62.35,992.9375
1570548307,24200,17.31,67.34,992.8445
1570548608,24200,17.73,67.63,992.6727
1570548919,24200,17.55,69.08,992.6833
1570549214,24200,15.84,79.7,992.6327
1570549537,24200,15.1,93.16,992.7748
1570549859,24200,14.86,100.0,992.6798
1570563958,24200,11.18,100.0,993.3189
1570564256,24200,11.15,100.0,993.4584
1570564553,24200,11.14,100.0,993.5762
1570564850,24200,11.05,100.0,993.5015
1570565147,24200,10.98,100.0,993.5984
1570565448,24200,10.97,100.0,993.6323
1570565745,24200,11.01,100.0,993.5208
1570566043,24200,11.05,100.0,993.4735
1570566651,24200,11.06,100.0,993.2938
1570566950,24200,11.08,100.0,993.2281
1570567247,24200,10.97,100.0,993.3166
1570567545,24200,10.89,100.0,993.3837
1570567842,24200,10.86,100.0,993.3355
1570568140,24200,10.85,100.0,993.3414
1570568438,24200,10.83,100.0,993.3292
1570568736,24200,10.77,100.0,993.3023
1570569034,24200,10.8,100.0,993.4424
1570569332,24200,10.75,100.0,993.3959
1570569629,24200,10.64,100.0,993.4168
1570569927,24200,10.55,100.0,993.3277
1570570224,24200,10.48,100.0,993.2989
1570570542,24200,10.49,100.0,993.4686
1570570838,24200,10.43,100.0,993.5118
1570571136,24200,10.43,100.0,993.442
1570571433,24200,10.41,100.0,993.4936
1570571730,24200,10.47,100.0,993.3387
1570572029,24200,10.48,100.0,993.4525
1570572328,24200,10.52,100.0,993.3353
1570573258,24200,10.51,100.0,993.5986
1570573556,24200,10.51,100.0,993.5706
1570573853,24200,10.46,100.0,993.5322
1570574151,24200,10.38,100.0,993.6605
1570574448,24200,10.31,100.0,993.905
1570574746,24200,10.24,100.0,993.8762
1570586157,24200,9.41,100.0,993.6228
1570586455,24200,9.54,100.0,993.643
1570586752,24200,9.54,100.0,993.6709
1570587050,24200,9.55,100.0,993.6591
1570587347,24200,9.64,100.0,993.5393
1570587645,24200,9.59,100.0,993.5562
1570587942,24200,9.72,100.0,993.5006
1570588240,24200,9.67,100.0,993.4282
1570588537,24200,9.66,100.0,993.2506
1570588834,24200,9.62,100.0,993.4175
1570589132,24200,9.58,100.0,993.3308
1570589429,24200,9.6,100.0,993.4129
1570589726,24200,9.68,100.0,993.3107
1570590024,24200,9.76,100.0,993.3139
1570590321,24200,9.8,100.0,993.2167
1570590618,24200,9.81,100.0,993.2411
1570590916,24200,9.83,100.0,993.2036
1570591216,24200,9.76,100.0,993.2441
1570597559,24200,9.59,100.0,992.9005
1570597856,24200,9.54,100.0,992.9734
1570598154,24200,9.45,100.0,993.1296
1570598451,24200,9.42,100.0,993.137
1570598749,24200,9.4,100.0,993.1963
1570599046,24200,9.36,100.0,993.2016
1570599343,24200,9.34,100.0,993.2113
1570599640,24200,9.29,100.0,993.2841
1570599938,24200,9.31,100.0,993.2606
1570600235,24200,9.29,100.0,993.1925
1570600532,24200,9.34,100.0,993.2252
1570600830,24200,9.3,100.0,993.348
1570601127,24200,9.27,100.0,993.3973
1570601425,24200,9.25,100.0,993.3233
1570602028,24200,9.11,100.0,993.3983
1570602326,24200,9.07,100.0,993.3617
1570602623,24200,8.98,100.0,993.3082
1570602945,24200,9.02,100.0,993.323
1570603252,24200,9.21,100.0,993.2864
1570603558,24200,9.35,100.0,993.2891
1570603856,24200,9.46,100.0,993.2712
1570604153,24200,9.47,100.0,993.2932
1570604451,24200,9.56,100.0,993.2369
1570604749,24200,9.61,100.0,993.3037
1570605050,24200,9.68,100.0,993.227
1570605350,24200,9.74,100.0,993.3177
1570605647,24200,9.86,100.0,993.21
1570605945,24200,9.94,100.0,993.1433
1570606242,24200,10.01,100.0,993.2479
1570606541,24200,10.08,100.0,993.2411
1570606839,24200,10.08,100.0,993.2072
1570607136,24200,10.08,100.0,993.0875
1570607434,24200,10.09,100.0,993.1116
1570607731,24200,10.1,100.0,993.2173
1570608029,24200,10.13,100.0,993.19
1570608326,24200,10.22,100.0,993.2435
1570608623,24200,10.37,100.0,993.3591
1570608920,24200,10.42,100.0,993.2303
1570609218,24200,10.53,100.0,993.2815
1570609515,24200,10.68,100.0,993.3892
1570609813,24200,10.81,100.0,993.361
1570610110,24200,10.84,100.0,993.2695
1570610408,24200,11.08,100.0,993.27
1570610706,24200,11.34,100.0,993.3085
1570611004,24200,11.71,100.0,993.3498
1570611316,24200,12.28,100.0,993.3483
1570611614,24200,12.72,100.0,993.3385
1570612527,24200,12.11,100.0,993.1452
1570612825,24200,12.41,100.0,993.2211
1570613122,24200,12.39,100.0,993.1886
1570613420,24200,12.33,100.0,993.1064
1570613718,24200,12.17,100.0,993.1153
1570614015,24200,12.08,100.0,993.265
1570614314,24200,12.31,100.0,993.1723
1570614612,24200,12.4,100.0,993.1206
1570614909,24200,12.74,100.0,993.0983
1570615212,24200,13.68,100.0,993.1666
1570615509,24200,13.66,100.0,993.1345
1570615807,24200,13.39,100.0,993.1161
1570616105,24200,13.15,100.0,993.0533
1570616403,24200,13.26,100.0,993.1462
1570616701,24200,13.51,100.0,993.1745
1570640758,24200,11.56,100.0,993.9003
1570642858,24200,10.9,100.0,993.9111
1570643155,24200,10.82,100.0,994.0259
1570643453,24200,10.8,100.0,994.0075
1570643750,24200,10.8,100.0,994.0075
1570644047,24200,10.74,100.0,994.0308
1570644345,24200,10.63,100.0,994.0434
1570644642,24200,10.61,100.0,994.0868
1570644940,24200,10.58,100.0,994.0466
1570645237,24200,10.61,100.0,994.1148
1570645535,24200,10.63,100.0,994.0773
1570645832,24200,10.59,100.0,994.1384
1570646130,24200,10.54,100.0,994.1838
1570646429,24200,10.49,100.0,994.2091
1570646729,24200,10.46,100.0,994.1888
1570647027,24200,10.38,100.0,994.2133
1570647325,24200,10.36,100.0,994.2788
1570647622,24200,10.32,100.0,994.2145
1570647920,24200,10.19,100.0,994.1522
1570648218,24200,10.21,100.0,994.1906
1570648520,24200,10.17,100.0,994.2656
1570648818,24200,10.17,100.0,994.3773
1570649116,24200,10.14,100.0,994.3569
1570649413,24200,10.12,100.0,994.3247
1570649712,24200,10.2,100.0,994.4675
1570650010,24200,10.19,100.0,994.4595
1570650308,24200,10.14,100.0,994.5045
1570650606,24200,10.08,100.0,994.394
1570650903,24200,10.06,100.0,994.5293
1570651202,24200,10.01,100.0,994.5043
1570651500,24200,9.91,100.0,994.5466
1570663858,24200,9.559998,100.0,995.2795
1570664155,24200,9.630005,100.0,995.2951
1570664453,24200,9.679993,100.0,995.3478
1570664750,24200,9.679993,100.0,995.4873
1570665048,24200,9.729996,100.0,995.568
1570665345,24200,9.7599945,100.0,995.5885
1570665642,24200,9.839996,100.0,995.676
1570665940,24200,9.800003,100.0,995.6809
1570666237,24200,9.839996,100.0,995.654
1570666538,24200,9.809998,100.0,995.6834
1570666837,24200,9.880005,100.0,995.6568
1570667138,24200,9.889999,100.0,995.5892
1570667440,24200,9.839996,100.0,995.5981
1570667751,24200,9.880005,100.0,995.5452
1570668045,24200,9.869995,100.0,995.4034
1570668343,24200,9.809998,100.0,995.3625
1570668640,24200,9.770004,100.0,995.3255
1570668938,24200,9.7599945,100.0,995.4769
1570669235,24200,9.699997,100.0,995.5894
1570669532,24200,9.770004,100.0,995.6326
1570669829,24200,9.699997,100.0,995.6173
1570670137,24200,9.639999,100.0,995.7995
1570670431,24200,9.710007,100.0,995.9066
1570670728,24200,9.75,100.0,995.9433
1570671025,24200,9.690002,100.0,995.8384
1570671337,24200,9.580002,100.0,995.8698
1570671635,24200,9.610001,100.0,995.8625
1570671934,24200,9.559998,100.0,995.9911
1570672231,24200,9.570007,100.0,995.9653
1570672554,24200,9.559998,100.0,995.9852
1570676742,24200,9.320007,100.0,996.5259
1570677040,24200,9.389999,100.0,996.5833
1570678558,24200,9.100006,100.0,996.8673
1570678855,24200,9.110001,100.0,996.9533
1570679153,24200,9.070007,100.0,996.9304
1570679450,24200,9.110001,100.0,996.9473
1570679748,24200,9.130005,100.0,996.9995
1570680045,24200,9.179993,100.0,996.927
1570680643,24200,9.100006,100.0,997.238
1570687857,24200,9.949997,100.0,998.2547
1570688155,24200,10.0,100.0,998.1819
1570688452,24200,9.940002,100.0,998.4059
1570688750,24200,9.880005,100.0,998.5323
1570689047,24200,9.919998,100.0,998.7006
1570689345,24200,10.059998,100.0,998.718
1570689643,24200,10.149994,100.0,998.8416
1570689940,24200,10.100006,100.0,998.9363
1570690239,24200,10.169998,100.0,998.8878
1570690536,24200,10.080002,100.0,998.9098
1570690834,24200,10.050003,100.0,998.9473
1570691132,24200,10.100006,100.0,999.1178
1570691438,24200,10.139999,100.0,999.0907
1570691734,24200,10.160004,100.0,999.2487
1570692034,24200,10.309998,100.0,999.1988
1570692332,24200,10.309998,100.0,999.3106
1570692630,24200,10.2400055,100.0,999.3789
1570692928,24200,10.289993,100.0,999.418
1570693225,24200,10.380005,100.0,999.3598
1570693532,24200,10.570007,100.0,999.3125
1570693832,24200,10.729996,100.0,999.4716
1570694131,24200,10.779999,100.0,999.3149
1570694429,24200,10.889999,100.0,999.4513
1570694753,24200,10.970001,100.0,999.5189
1570695056,24200,11.100006,100.0,999.6095
1570695358,24200,11.339996,100.0,999.6602
1570695656,24200,11.279999,100.0,999.7752
1570695954,24200,11.320007,100.0,999.9017
1570696252,24200,11.660004,100.0,999.9684
1570696550,24200,11.559998,100.0,1000.0443
1570696847,24200,11.5099945,100.0,999.9355
1570697145,24200,11.880005,100.0,1000.0308
1570697442,24200,12.199997,100.0,1000.0001
1570697740,24200,12.4900055,100.0,1000.0211
1570698037,24200,12.429993,100.0,1000.0502
1570698335,24200,11.899994,100.0,1000.2652
1570698632,24200,11.710007,100.0,1000.2512
1570698947,24200,12.110001,100.0,1000.1628
1570699247,24200,12.309998,100.0,1000.4223
1570699546,24200,12.139999,100.0,1000.3934
1570699844,24200,12.220001,100.0,1000.4111
1570700141,24200,13.080002,100.0,1000.4123
1570700439,24200,13.339996,100.0,1000.4602
1570700739,24200,13.649994,100.0,1000.434
1570701038,24200,13.7400055,100.0,1000.5352
1570701336,24200,14.080002,100.0,1000.5791
1570701639,24200,14.270004,100.0,1000.6753
1570701939,24200,14.279999,100.0,1000.6834
1570702245,24200,14.789993,100.0,1000.6275
1570702545,24200,14.710007,100.0,1000.5688
1570702843,24200,14.279999,100.0,1000.6072
1570703141,24200,13.960007,100.0,1000.4552
1570703439,24200,13.699997,100.0,1000.4867
1570703737,24200,13.550003,100.0,1000.4828
1570704337,24200,13.399994,100.0,1000.4508
1570704634,24200,13.679993,100.0,1000.4544
1570704932,24200,14.690002,100.0,1000.4944
1570705229,24200,15.289993,100.0,1000.49
1570705526,24200,14.729996,100.0,1000.5227
1570705823,24200,14.410004,100.0,1000.5056
1570706121,24200,14.119995,100.0,1000.5653
1570706418,24200,14.389999,100.0,1000.5717
1570706716,24200,14.940002,100.0,1000.4458
1570707018,24200,14.679993,100.0,1000.6188
1570707315,24200,15.350006,100.0,1000.446
1570707625,24200,15.7400055,100.0,1000.2366
1570707913,24200,15.0099945,100.0,1000.2491
1570708216,24200,14.660004,100.0,1000.1425
1570708514,24200,14.479996,100.0,1000.2255
1570708813,24200,14.770004,100.0,1000.0808
1570709111,24200,14.800003,100.0,1000.087
1570709409,24200,14.660004,100.0,1000.1928
1570709707,24200,14.470001,100.0,1000.1953
1570710006,24200,14.600006,100.0,1000.1378
1570710304,24200,14.580002,100.0,1000.0353
1570710607,24200,14.429993,100.0,1000.2148
1570710900,24200,14.539993,100.0,1000.1958
1570722357,24200,13.539993,100.0,998.0517
1570722654,24200,13.570007,100.0,997.9938
1570722951,24200,13.559998,100.0,997.9777
1570723249,24200,13.559998,100.0,997.8594
1570723545,24200,13.630005,100.0,997.7899
1570723843,24200,13.600006,100.0,997.7553
1570724140,24200,13.580002,100.0,997.8776
1570724438,24200,13.529999,100.0,997.803
1570724735,24200,13.479996,100.0,997.7024
1570725033,24200,13.309998,100.0,997.6469
1570725330,24200,13.320007,100.0,997.312
1570725628,24200,13.369995,100.0,997.3845
1570725926,24200,13.360001,100.0,997.2081
1570726224,24200,13.389999,100.0,997.0739
1570726522,24200,13.410004,100.0,996.9717
1570726822,24200,13.520004,100.0,996.9667
1570727119,24200,13.520004,100.0,997.0649
1570727417,24200,13.5,100.0,997.137
1570727717,24200,13.520004,100.0,997.1352
1570728015,24200,13.520004,100.0,997.2334
1570728312,24200,13.600006,100.0,997.2077
1570728609,24200,13.600006,100.0,997.0112
1570728907,24200,13.669998,100.0,997.0399
1570729209,24200,13.679993,100.0,997.042
1570729508,24200,13.639999,100.0,997.0538
1570729807,24200,13.619995,100.0,996.7829
1570730105,24200,13.660004,100.0,996.8694
1570730403,24200,13.679993,100.0,996.8875
1570730701,24200,13.7400055,100.0,996.8556
1570731309,24200,13.830002,100.0,996.9165
1570731618,24200,13.850006,100.0,996.7941
1570731907,24200,13.850006,100.0,997.1594
1570732205,24200,13.779999,100.0,997.257
1570732502,24200,13.419998,100.0,997.325
1570779059,24200,13.069992,100.0,992.9891
1570779356,24200,13.169998,100.0,993.0493
1570779654,24200,13.160004,100.0,992.9631
1570779951,24200,13.100006,100.0,993.0794
1570780249,24200,12.9900055,100.0,993.119
1570780546,24200,12.930008,100.0,993.1991
1570780844,24200,12.860001,100.0,993.1769
1570781459,24200,12.949997,100.0,992.9647
1570781756,24200,13.050003,100.0,992.9009
1570782054,24200,13.190002,100.0,992.7951
1570782351,24200,13.369995,100.0,992.669
1570782648,24200,13.5,100.0,992.6531
1570782945,24200,13.539993,100.0,992.647
1570783252,24200,13.539993,100.0,992.5408
1570783550,24200,13.619995,100.0,992.5509
1570783847,24200,13.600006,100.0,992.4344
1570784144,24200,13.529999,100.0,992.3222
1570784442,24200,13.5099945,100.0,992.3603
1570784739,24200,13.440002,100.0,992.2903
1570785037,24200,13.389999,100.0,992.1818
1570785337,24200,13.440002,100.0,992.1279
1570785639,24200,13.479996,100.0,991.9253
1570787757,24200,14.119995,100.0,991.7491
1570788055,24200,14.360001,100.0,991.752
1570788352,24200,14.520004,100.0,991.6853
1570788650,24200,14.410004,100.0,991.6212
1570788947,24200,14.660004,100.0,991.6845
1570789244,24200,15.069992,100.0,991.7761
1570789542,24200,15.089996,100.0,991.8644
1570789839,24200,14.7599945,100.0,991.8927
1570790137,24200,14.589996,100.0,992.1347
1570790434,24200,14.460007,100.0,992.3564
1570790732,24200,14.399994,100.0,992.308
1570791030,24200,14.399994,100.0,992.2939
1570791328,24200,14.470001,100.0,992.266
1570791625,24200,14.4900055,100.0,992.2839
1570791923,24200,14.5099945,100.0,992.3441
1570792220,24200,14.690002,100.0,992.3231
1570792517,24200,14.839996,100.0,992.3305
1570792814,24200,15.180008,100.0,992.4445
1570793112,24200,15.279999,100.0,992.5405
1570793410,24200,15.149994,100.0,992.6921
1570793709,24200,14.800003,100.0,992.682
1570794008,24200,14.529999,100.0,992.9103
1570794307,24200,14.430008,100.0,992.792
1570794605,24200,14.309998,100.0,992.7842
1570794904,24200,14.300003,100.0,992.9008
1570795207,24200,14.729996,100.0,992.6263
1570795501,24200,15.630005,100.0,992.8056
1570805457,24200,17.119995,100.0,993.3172
1570805754,24200,17.369995,100.0,993.2853
1570806051,24200,17.979996,100.0,993.2477
1570806349,24200,19.86,85.9,993.3001
1570806646,24200,18.220001,96.07,993.3063
1570806942,24200,17.440002,100.0,993.1917
1570807239,24200,17.220001,100.0,993.2431
1570807536,24200,16.449997,100.0,993.3252
1570807833,24200,15.699997,100.0,993.2617
1570808132,24200,15.300003,100.0,993.2702
1570808429,24200,14.850006,100.0,993.2124
1570808726,24200,15.110001,100.0,993.402
1570809023,24200,14.860001,100.0,993.538
1570809321,24200,14.770004,100.0,993.5964
1570809621,24200,14.5099945,100.0,993.5109
1570809928,24200,14.430008,100.0,993.6917
1570810226,24200,14.410004,100.0,993.4766
1570810524,24200,14.199997,100.0,993.6195
1570810822,24200,14.350006,100.0,993.6756
1570811119,24200,14.199997,100.0,993.6195
1570811416,24200,14.360001,100.0,993.6856
1570811714,24200,14.139999,100.0,993.6137
1570812011,24200,14.169998,100.0,993.7822
1570812309,24200,14.199997,100.0,993.6537
1570812607,24200,14.089996,100.0,993.6961
1570812907,24200,13.979996,100.0,993.7582
1570813229,24200,13.850006,100.0,993.7544
1570813526,24200,13.729996,100.0,993.68
1570813823,24200,13.550003,100.0,993.8563
1570814121,24200,13.4900055,100.0,994.0267
1570814419,24200,13.419998,100.0,994.0547
1570814717,24200,13.440002,100.0,994.0868
1570815016,24200,13.289993,100.0,994.0281
1570815318,24200,13.139999,100.0,994.0754
1570815636,24200,13.050003,100.0,994.1213
1570815913,24200,13.0,100.0,994.1669
1570816210,24200,12.930008,100.0,994.2569
1570816535,24200,12.839996,100.0,994.3166
1570816833,24200,12.839996,100.0,994.4208
1570817130,24200,12.7599945,100.0,994.4122
1570817428,24200,12.690002,100.0,994.2797
1570817725,24200,12.569992,100.0,994.429
1570818023,24200,12.470001,100.0,994.3965
1570818320,24200,12.380005,100.0,994.4056
1570818618,24200,12.360001,100.0,994.4997
1570818915,24200,12.350006,100.0,994.5456
1570819213,24200,12.289993,100.0,994.4572
1570819511,24200,12.229996,100.0,994.4088
1570819807,24200,12.220001,100.0,994.4848
1570820106,24200,12.2400055,100.0,994.3908
1570820406,24200,12.080002,100.0,994.4555
1570820705,24200,12.110001,100.0,994.3997
1570821004,24200,12.080002,100.0,994.4216
1570821304,24200,12.039993,100.0,994.3211
1570821606,24200,11.970001,100.0,994.3704
1570821906,24200,11.839996,100.0,994.5055
1570822206,24200,11.729996,100.0,994.4738
1570822504,24200,11.669998,100.0,994.4273
1570822824,24200,11.690002,100.0,994.5915
1570823122,24200,11.680008,100.0,994.7234
1570823419,24200,11.619995,100.0,994.5149
1570823716,24200,11.630005,100.0,994.6069
1570824014,24200,11.649994,100.0,994.7311
1570824313,24200,11.729996,100.0,994.5998
1570824914,24200,11.75,100.0,994.66
1570825212,24200,11.619995,100.0,994.6548
1570825510,24200,11.619995,100.0,994.6189
1570825811,24200,11.619995,100.0,994.6969
1570826109,24200,11.580002,100.0,994.8141
1570826407,24200,11.660004,100.0,994.9012
1570826713,24200,11.669998,100.0,994.8672
1570827007,24200,11.7400055,100.0,994.932
1570827305,24200,11.7400055,100.0,994.9659
1570827610,24200,11.660004,100.0,994.8452
1570827909,24200,11.600006,100.0,994.8743
1570828213,24200,11.639999,100.0,994.883
1570828508,24200,11.649994,100.0,994.927
1570828806,24200,11.649994,100.0,994.975
1570829105,24200,11.589996,100.0,994.9981
1570829403,24200,11.5099945,100.0,995.0734
1570829700,24200,11.580002,100.0,995.1861
1570830311,24200,11.779999,100.0,995.1506
1570830615,24200,11.690002,100.0,995.0954
1570830912,24200,11.720001,100.0,995.0958
1570831533,24200,11.779999,100.0,995.1646
1570831832,24200,11.789993,100.0,995.1667
1570832131,24200,11.710007,100.0,995.0995
1570832444,24200,11.630005,100.0,995.1328
1570832742,24200,11.569992,100.0,995.3159
1570833039,24200,11.5,100.0,995.3092
1570833338,24200,11.479996,100.0,995.4928
1570833637,24200,11.520004,100.0,995.6692
1570833935,24200,11.5099945,100.0,995.5971
1570834232,24200,11.550003,100.0,995.5576
1570834529,24200,11.4900055,100.0,995.573
1570834827,24200,11.419998,100.0,995.592
1570835125,24200,11.389999,100.0,995.6914
1570835422,24200,11.350006,100.0,995.7308
1570835720,24200,11.289993,100.0,995.6702
1570836017,24200,11.2599945,100.0,995.6579
1570836315,24200,11.25,100.0,995.7736
1570836612,24200,11.210007,100.0,995.8571
1570836910,24200,11.149994,100.0,995.8161
1570837209,24200,11.190002,100.0,995.8666
1570837508,24200,11.139999,100.0,995.9317
1570837808,24200,11.050003,100.0,995.9346
1570838106,24200,11.050003,100.0,995.8706
1570838407,24200,11.039993,100.0,995.7647
1570838704,24200,11.050003,100.0,995.7447
1570839004,24200,10.9900055,100.0,995.7816
1570839309,24200,10.919998,100.0,995.7387
1570839644,24200,10.850006,100.0,995.7458
1570840249,24200,10.75,100.0,995.5763
1570840547,24200,10.639999,100.0,995.6248
1570840844,24200,10.600006,100.0,995.6438
1570841142,24200,10.569992,100.0,995.5455
1570842040,24200,10.449997,100.0,995.6534
1570842338,24200,10.539993,100.0,995.603
1570842636,24200,10.460007,100.0,995.6138
1570842933,24200,10.470001,100.0,995.6078
1570843230,24200,10.25,100.0,995.3947
1570843527,24200,10.300003,100.0,995.6069
1570843826,24200,10.2599945,100.0,995.4866
1570844125,24200,10.270004,100.0,995.5585
1570844422,24200,10.220001,100.0,995.5058
1570844720,24200,10.229996,100.0,995.6616
1570845017,24200,10.149994,100.0,995.8392
1570845314,24200,10.180008,100.0,995.8038
1570845916,24200,10.220001,100.0,995.6036
1570846231,24200,10.139999,100.0,995.6136
1570846529,24200,10.130005,100.0,995.6055
1570846847,24200,10.110001,100.0,995.635
1570847146,24200,10.210007,100.0,995.6653
1570847443,24200,10.229996,100.0,995.7175
1570847742,24200,10.300003,100.0,995.6488
1570848040,24200,10.300003,100.0,995.7047
1570848343,24200,10.2400055,100.0,995.7895
1570859759,24200,9.119995,100.0,996.8938
1570860056,24200,9.210007,100.0,997.0036
1570860359,24200,9.330002,100.0,997.0222
1570860652,24200,9.309998,100.0,996.984
1570860950,24200,9.539993,100.0,997.1725
1570861248,24200,9.539993,100.0,997.2562
1570861545,24200,9.419998,100.0,997.1481
1570861843,24200,9.330002,100.0,997.3092
1570862140,24200,9.380005,100.0,997.3761
1570862438,24200,9.339996,100.0,997.387
1570862735,24200,9.389999,100.0,997.5038
1570863032,24200,9.309998,100.0,997.5
1570863330,24200,9.300003,100.0,997.5256
1570863627,24200,9.339996,100.0,997.5345
1570863925,24200,9.419998,100.0,997.6503
1570864224,24200,9.729996,100.0,997.5775
1570864522,24200,9.779999,100.0,997.6584
1570864820,24200,9.809998,100.0,997.6653
1570865117,24200,9.819992,100.0,997.7373
1570865415,24200,9.789993,100.0,997.7863
1570865712,24200,9.869995,100.0,997.8798
1570866010,24200,9.970001,100.0,997.9717
1570866307,24200,9.979996,100.0,997.9681
1570866605,24200,10.080002,100.0,998.072
1570866904,24200,10.160004,100.0,998.2433
1570867207,24200,10.199997,100.0,998.28
1570867501,24200,10.319992,100.0,998.3489
1570881358,24200,14.839996,100.0,999.2795
1570881655,24200,15.119995,100.0,999.2445
1570881953,24200,15.7400055,100.0,999.1517
1570882250,24200,16.330002,100.0,999.1416
1570882548,24200,15.5099945,100.0,999.2175
1570882845,24200,15.330002,100.0,999.1606
1570883142,24200,15.619995,100.0,999.1195
1570883439,24200,16.309998,100.0,999.0873
1570883736,24200,16.740005,100.0,999.137
1570884034,24200,16.919998,100.0,999.0659
1570884332,24200,16.64,100.0,999.0122
1570884632,24200,17.229996,100.0,999.0142
1570884929,24200,17.190002,100.0,998.9274
1570885227,24200,16.119995,100.0,998.8316
1570885524,24200,15.7400055,100.0,998.6928
1570885821,24200,16.289993,100.0,998.6885
1570886118,24200,16.509995,100.0,998.7323
1570886417,24200,17.39,100.0,998.6055
1570886714,24200,17.039993,98.67,998.5109
1570887012,24200,17.089996,96.06,998.6618
1570887314,24200,17.050003,96.99,998.6258
1570887630,24200,16.960007,100.0,998.8417
1570887924,24200,16.89,98.29,998.82
1570888221,24200,16.080002,100.0,998.7612
1570888518,24200,15.720001,100.0,998.8156
1570888816,24200,15.580002,100.0,998.9278
1570889113,24200,15.7400055,100.0,998.8619
1570889410,24200,15.7400055,100.0,998.8197
1570889709,24200,15.930008,100.0,998.9143
1570890009,24200,16.399994,100.0,998.8795
1570890306,24200,17.190002,100.0,998.9778
1570890605,24200,16.899994,100.0,998.7655
1570890904,24200,16.289993,100.0,998.8155
1570891202,24200,16.36,100.0,998.7728
1570891500,24200,16.649994,100.0,998.8307
# End CSV table for pair LD0050|24200
